Barras Energeticas,1,BGxxZkoC,Continente
Sopas Take-Away,1,BGxxZkoC,Continente
Refrigerante,3,BGxxZkoC,Continente
Bebida,5,BGxxZkoC,Continente
Comida,2,BGxxZkoC,Continente
Barras Energeticas,1,qE5EmNJw,Pingo Doce
Bebida,5,qE5EmNJw,Pingo Doce
Sopas Take-Away,2,qE5EmNJw,Pingo Doce
Refrigerante,4,qE5EmNJw,Pingo Doce
Comida,3,qE5EmNJw,Pingo Doce
Comida,1,RmEkFWhc,Lidl
Bebida,2,RmEkFWhc,Lidl
Sopas Take-Away,3,RmEkFWhc,Lidl
Refrigerante,4,RmEkFWhc,Lidl
Barras Energeticas,5,RmEkFWhc,Lidl
Comida,1,tQgohatj,Aldi
Bebida,3,tQgohatj,Aldi
Sopas Take-Away,2,tQgohatj,Aldi
Refrigerante,4,tQgohatj,Aldi
Barras Energeticas,5,tQgohatj,Aldi
